Player,Team,Pos,Age,G,AB,R,H,2B,3B,HR,RBI
Marcus Semien,TEX,2B,33,162,670,122,185,40,4,29,100
Julio Rodriguez,SEA,OF,23,155,654,102,180,37,2,32,103
Ronald Acuna,ATL,OF,26,159,643,149,217,35,4,41,106
Bobby Witt,KC,SS,23,158,641,97,177,28,11,30,96
Trea Turner,PHI,SS,30,155,639,102,170,35,5,26,76
Steven Kwan,CLE,OF,26,158,638,93,171,36,7,5,54
Freddie Freeman,LAD,1B,34,161,637,131,211,59,2,29,102
Austin Riley,ATL,3B,27,159,636,117,179,32,3,37,97
Lane Thomas,WAS,OF,28,157,628,101,168,36,3,28,86
Nick Castellanos,PHI,OF,32,157,626,79,170,37,2,29,106
Teoscar Hernandez,SEA,OF,31,160,625,70,161,29,2,26,93
Nathaniel Lowe,TEX,1B,28,161,623,89,163,38,3,17,82
Alex Bregman,HOU,3B,30,161,622,103,163,28,4,25,98
Nico Hoerner,CHC,SS,27,150,619,98,175,27,4,9,68
George Springer,TOR,OF,34,154,613,87,158,25,1,21,72
Jose Ramirez,CLE,3B,31,156,611,87,172,36,5,24,80
Joey Meneses,WAS,DH,32,154,611,71,168,36,1,13,89
Matt Olson,ATL,1B,30,162,608,127,172,27,3,54,139
Spencer Torkelson,DET,1B,24,159,606,88,141,34,1,31,94
Francisco Lindor,NYM,SS,30,160,602,108,153,33,2,31,98
Vladimir Guerrero,TOR,1B,25,156,602,78,159,30,0,26,94
Eugenio Suarez,SEA,3B,32,162,598,68,139,29,0,22,96
Xander Bogaerts,SD,SS,31,155,596,83,170,31,2,19,58
Ozzie Albies,ATL,2B,27,148,596,96,167,30,5,33,109
Gleyber Torres,NYY,2B,27,158,596,90,163,28,2,25,68
Paul Goldschmidt,STL,1B,36,154,593,89,159,31,0,25,80
Brandon Nimmo,NYM,OF,31,152,592,89,162,30,6,24,68
Anthony Santander,BAL,OF,29,153,591,81,152,41,1,28,95
Adley Rutschman,BAL,C,26,154,588,84,163,31,1,20,80
Ty France,SEA,1B,29,158,587,79,147,32,0,12,58
Bryson Stott,PHI,2B,26,151,585,78,164,32,2,15,62
Jeff McNeil,NYM,2B,32,156,585,75,158,25,4,10,55
Kyle Schwarber,PHI,OF,31,160,585,108,115,19,1,47,104
Mookie Betts,LAD,OF,31,152,584,126,179,40,1,39,107
Christian Walker,ARI,1B,33,157,582,86,150,36,2,33,103
Spencer Steer,CIN,3B,26,156,582,74,158,37,3,23,86
Ezequiel Tovar,COL,SS,22,153,581,79,147,37,4,15,73
Rafael Devers,BOS,3B,27,153,580,90,157,34,0,33,100
Ian Happ,CHC,OF,29,158,580,86,144,35,4,21,84
Bryan De La Cruz,MIA,OF,27,153,579,60,149,32,0,19,78
Jeremy Pena,HOU,SS,26,150,577,81,152,32,3,10,52
Fernando Tatis,SD,OF,25,141,575,91,148,33,1,25,78
Luis Arraez,MIA,2B,27,147,574,71,203,30,3,10,69
Bryan Reynolds,PIT,OF,29,145,574,85,151,31,5,24,84
Kyle Tucker,HOU,OF,27,157,574,97,163,37,5,29,112
Bo Bichette,TOR,SS,26,135,571,69,175,30,3,20,73
Ketel Marte,ARI,2B,30,150,569,94,157,26,9,25,82
Juan Soto,SD,OF,25,162,568,97,156,32,1,35,109
Pete Alonso,NYM,1B,29,154,568,92,123,21,2,46,118
Andrew Vaughn,CWS,1B,26,152,566,67,146,30,2,21,80
Corbin Carroll,ARI,OF,23,155,565,116,161,30,10,25,76
Dansby Swanson,CHC,SS,30,147,565,81,138,25,3,22,80
CJ Abrams,WAS,SS,23,151,563,83,138,28,6,18,64
Andrew Benintendi,CWS,OF,29,151,562,72,147,34,2,5,45
Nolan Arenado,STL,3B,33,144,560,71,149,26,2,26,93
Gunnar Henderson,BAL,SS,22,150,560,100,143,29,9,28,82
Alec Bohm,PHI,3B,27,145,558,74,153,31,0,20,97
Justin Turner,BOS,1B,39,146,558,86,154,31,0,23,96
Andres Gimenez,CLE,2B,25,153,557,76,140,27,5,15,62
Ryan McMahon,COL,3B,29,152,555,80,133,31,3,23,70
Adolis Garcia,TEX,OF,31,148,555,108,136,29,0,39,107
Willy Adames,MIL,SS,28,149,553,73,120,29,2,24,80
Randy Arozarena,TB,OF,29,151,551,95,140,19,3,23,83
Lourdes Gurriel,ARI,OF,30,145,551,65,144,35,2,24,82
Christian Yelich,MIL,OF,32,144,550,106,153,34,1,19,76
Whit Merrifield,TOR,2B,35,145,547,66,149,27,0,11,67
Luis Robert,CWS,OF,26,145,546,90,144,36,1,38,80
Alex Verdugo,BOS,OF,28,142,546,81,144,37,5,13,54
Manny Machado,SD,3B,31,138,543,75,140,21,0,30,91
Anthony Volpe,NYY,SS,23,159,541,62,113,23,4,21,60
William Contreras,MIL,C,26,141,540,86,156,38,1,17,78
Jose Abreu,HOU,1B,37,141,540,62,128,23,1,18,90
Salvador Perez,KC,C,34,140,538,59,137,21,0,23,80
Ha-Seong Kim,SD,2B,28,152,538,84,140,23,0,17,60
Masataka Yoshida,BOS,OF,30,140,537,71,155,33,3,15,72
J.P. Crawford,SEA,SS,29,145,534,94,142,35,0,19,65
MJ Melendez,KC,OF,25,148,533,65,125,29,5,16,56
Marcell Ozuna,ATL,DH,33,144,530,84,145,29,1,40,100
Dominic Smith,WAS,1B,28,153,527,57,134,21,1,12,46
Daulton Varsho,TOR,OF,27,158,527,65,116,23,3,20,61
Yandy Diaz,TB,1B,32,137,525,95,173,35,0,22,78
Keibert Ruiz,WAS,C,25,136,523,55,136,24,0,18,67
Austin Hays,BAL,OF,28,144,520,76,143,36,2,16,67
Seiya Suzuki,CHC,OF,29,138,515,75,147,31,6,20,74
Carlos Correa,MIN,SS,29,135,514,60,118,29,2,18,65
Cal Raleigh,SEA,C,27,145,513,78,119,23,1,30,75
Leody Taveras,TEX,OF,25,143,511,67,136,31,3,14,67
Javier Baez,DET,SS,31,136,510,58,113,18,4,9,59
Matt Chapman,TOR,3B,31,140,509,66,122,39,2,17,54
Michael Harris,ATL,OF,23,138,505,76,148,33,3,18,57
Jorge Soler,MIA,OF,32,137,504,77,126,24,0,36,75
Cody Bellinger,CHC,OF,28,130,499,95,153,29,1,26,97
Shohei Ohtani,LAA,DH,29,135,497,102,151,26,8,44,95
DJ LeMahieu,NYY,3B,35,136,497,55,121,22,3,15,44
Thairo Estrada,SF,2B,28,120,495,63,134,26,2,14,49
Ke'Bryan Hayes,PIT,3B,27,124,494,65,134,31,7,15,61
Tim Anderson,CWS,SS,30,123,493,52,121,18,2,1,25
Isaac Paredes,TB,3B,25,143,492,71,123,24,0,31,98
J.T. Realmuto,PHI,C,33,135,489,70,123,28,5,20,63
Orlando Arcia,ATL,SS,29,139,488,66,129,25,0,17,65
TJ Friedl,CIN,OF,28,138,488,73,136,22,8,18,66
Elias Diaz,COL,C,33,141,486,48,130,25,1,14,72
Brandon Drury,LAA,2B,31,125,485,61,127,30,3,26,83
James Outman,LAD,OF,27,151,483,86,120,16,3,23,70
Max Muncy,LAD,3B,33,135,482,95,102,17,1,36,105
J.D. Davis,SF,3B,31,144,480,61,119,23,1,18,69
Tommy Edman,STL,2B,29,137,479,69,119,25,4,13,47
Matt Vierling,DET,OF,27,134,479,63,125,21,5,10,44
Josh Jung,TEX,3B,26,122,478,75,127,25,1,23,70
Eddie Rosario,ATL,OF,32,142,478,64,122,24,3,21,74
Corey Seager,TEX,SS,30,119,477,88,156,42,0,33,96
Trent Grisham,SD,OF,27,153,469,67,93,31,1,13,50
Mauricio Dubon,HOU,OF,29,132,467,76,130,26,3,10,46
Josh Lowe,TB,OF,26,135,466,71,136,33,2,20,83
Tyler Stephenson,CIN,C,27,142,465,59,113,20,2,13,56
Will Smith,LAD,C,29,126,464,80,121,21,2,19,76
Zach McKinstry,DET,2B,29,148,464,60,107,21,4,9,35
Maikel Garcia,KC,3B,24,123,464,59,126,20,4,4,50
Brent Rooker,OAK,OF,29,137,463,61,114,20,1,30,69
Myles Straw,CLE,OF,29,147,462,52,110,18,3,1,29
Hunter Renfroe,LAA,OF,32,126,459,56,111,31,0,19,56
Jake Cronenworth,SD,2B,30,127,458,54,105,24,7,10,48
Jonah Heim,TEX,C,28,131,457,61,118,28,0,18,95
Bryce Harper,PHI,1B,31,126,457,84,134,29,1,21,72
Eloy Jimenez,CWS,DH,27,120,456,50,124,23,0,18,64
Jonathan India,CIN,2B,27,119,454,78,111,23,0,17,61
Josh Naylor,CLE,1B,26,121,452,52,139,31,0,17,97
Esteury Ruiz,OAK,OF,25,132,449,47,114,24,1,5,47
Shea Langeliers,OAK,C,26,135,448,52,92,19,4,22,63
Luis Garcia,WAS,2B,24,122,447,61,119,18,4,9,50
Jack Suwinski,PIT,OF,25,144,447,63,100,21,2,26,74
Wander Franco,TB,SS,23,112,442,65,124,23,6,17,58
Max Kepler,MIN,OF,31,130,438,72,114,22,2,24,66
J.D. Martinez,LAD,DH,36,113,432,61,117,27,2,33,103
Will Brennan,CLE,OF,26,138,432,41,115,24,0,5,41
LaMonte Wade,SF,OF,30,135,429,64,110,14,2,17,45
Triston Casas,BOS,1B,24,132,429,66,113,21,2,24,65
Willson Contreras,STL,C,32,125,428,55,113,27,0,20,67
Michael Massey,KC,2B,26,129,428,42,98,18,1,15,55
Lars Nootbaar,STL,OF,26,117,426,74,111,23,1,14,46
Ryan Mountcastle,BAL,1B,27,115,423,64,114,21,1,18,68
Jordan Walker,STL,OF,22,117,420,51,116,19,2,16,51
Kerry Carpenter,DET,OF,26,118,418,57,116,17,2,20,64
Jurickson Profar,COL,OF,31,111,415,51,98,25,2,8,39
Connor Joe,PIT,OF,31,133,413,63,102,31,4,11,42
Adam Frazier,BAL,2B,32,141,412,59,99,21,2,13,60
Yordan Alvarez,HOU,OF,26,114,410,77,120,24,1,31,97
Geraldo Perdomo,ARI,SS,24,144,407,71,100,20,4,6,47
Nolan Gorman,STL,2B,24,119,406,59,96,17,0,27,76
Ryan Noda,OAK,1B,28,128,406,63,93,22,1,16,54
Michael Conforto,SF,OF,31,125,406,58,97,14,0,15,58
Ezequiel Duran,TEX,SS,25,122,406,55,112,22,2,14,46
Wilmer Flores,SF,1B,32,126,405,51,115,22,0,23,60
Brice Turang,MIL,2B,24,137,404,46,88,9,3,6,34
Brandon Marsh,PHI,OF,26,133,404,58,112,25,6,12,60
Cedric Mullins,BAL,OF,29,116,404,51,94,23,3,15,74
Chas McCormick,HOU,OF,29,115,403,59,110,17,2,22,70
Harold Ramirez,TB,DH,29,122,400,58,125,19,2,12,68
Brenton Doyle,COL,OF,26,126,399,48,81,16,5,10,48
David Peralta,LAD,OF,36,133,394,47,102,25,1,7,55
Donovan Solano,MIN,2B,36,134,394,43,111,26,1,5,38
Luis Rengifo,LAA,2B,27,126,394,55,104,15,4,16,51
Andrew McCutchen,PIT,DH,37,112,390,55,100,19,0,12,43
Elly De La Cruz,CIN,SS,22,98,388,67,91,15,7,13,44
Christopher Morel,CHC,OF,24,107,388,62,96,17,3,26,70
Jon Berti,MIA,SS,34,133,388,53,114,16,3,7,33
Miguel Rojas,LAD,SS,35,125,385,49,91,16,1,5,31
Amed Rosario,CLE,SS,28,94,385,51,102,19,6,3,40
Yan Gomes,CHC,C,36,116,382,44,102,20,2,10,63
Francisco Alvarez,NYM,C,22,123,382,51,80,12,0,25,63
Riley Greene,DET,OF,23,99,378,51,109,19,4,11,37
Brandon Lowe,TB,2B,29,109,377,58,87,15,1,21,68
Alex Call,WAS,OF,29,128,375,43,75,14,1,8,38
Alek Thomas,ARI,OF,24,125,374,51,86,17,5,9,39
Elvis Andrus,CWS,SS,35,112,374,39,94,20,1,6,44
Anthony Rizzo,NYY,1B,34,99,373,45,91,14,0,12,41
Jarred Kelenic,SEA,OF,24,105,372,44,94,25,2,11,49
Alejandro Kirk,TOR,C,25,123,372,34,93,16,0,8,43
Connor Wong,BOS,C,28,126,371,55,87,25,2,9,36
Giancarlo Stanton,NYY,OF,34,101,371,43,71,13,0,24,60
Sean Murphy,ATL,C,29,108,370,65,93,21,0,21,68
Kevin Kiermaier,TOR,OF,34,129,370,58,98,21,6,8,36
Jeimer Candelario,WAS,3B,30,99,368,57,95,30,2,16,53
Aaron Judge,NYY,OF,32,106,367,79,98,16,0,37,75
Nolan Jones,COL,OF,26,106,367,60,109,22,4,20,62
Joey Wiemer,MIL,OF,25,132,367,48,75,19,0,13,42
Matt McLain,CIN,2B,24,89,365,65,106,23,4,16,50
Yasmani Grandal,CWS,C,35,118,363,33,85,14,0,8,33
Martin Maldonado,HOU,C,37,117,362,33,69,12,0,15,36
Jose Altuve,HOU,2B,34,90,360,76,112,21,2,17,51
Jesus Sanchez,MIA,OF,26,125,360,43,91,23,3,14,52
Ramon Urias,BAL,3B,30,116,360,45,95,22,3,4,42
Tony Kemp,OAK,2B,32,124,359,42,75,13,3,5,27
Charlie Blackmon,COL,OF,37,96,359,57,100,24,5,8,40
Joc Pederson,SF,OF,32,121,358,59,84,14,3,15,51
Willi Castro,MIN,OF,27,124,358,60,92,18,5,9,34
Luke Raley,TB,OF,29,118,357,56,89,23,3,19,49
Andy Ibanez,DET,2B,31,114,356,42,94,23,2,11,41
Taylor Ward,LAA,OF,30,97,356,60,90,18,0,14,47
Michael Taylor,MIN,OF,33,129,355,48,78,14,1,21,51
Yainer Diaz,HOU,C,25,104,355,51,100,22,0,23,60
Edward Olivares,KC,OF,28,107,354,47,93,23,4,12,36
Brett Baty,NYM,3B,24,108,353,41,75,12,0,9,34
Robbie Grossman,TEX,OF,34,115,353,56,84,23,1,10,49
Jazz Chisholm,MIA,OF,26,97,352,50,88,12,2,19,51
Josh Bell,CLE,1B,31,97,347,26,81,19,0,11,48
Ryan O'Hearn,BAL,1B,30,112,346,48,100,22,1,14,60
Carlos Santana,PIT,1B,38,94,345,45,81,25,0,12,53
Seth Brown,OAK,OF,31,112,343,33,76,19,1,14,52
Gabriel Moreno,ARI,C,24,111,341,33,97,19,1,7,50
Brandon Belt,TOR,1B,36,103,339,53,86,23,0,19,43
Chris Taylor,LAD,OF,33,117,338,51,80,15,1,15,56
Jose Siri,TB,OF,28,101,338,58,75,13,2,25,56
Edouard Julien,MIN,2B,25,109,338,60,89,16,1,16,37
Mike Tauchman,CHC,OF,33,108,337,64,85,18,0,8,48
Jake Fraley,CIN,OF,29,111,336,41,86,18,0,15,65
Kyle Farmer,MIN,SS,33,120,336,49,86,14,2,11,46
Ji Hwan Bae,PIT,OF,24,111,334,54,77,17,2,2,32
Yoan Moncada,CWS,3B,29,92,334,39,87,20,1,11,40
Miguel Cabrera,DET,DH,41,98,334,21,86,20,0,4,34
Jason Heyward,LAD,OF,34,124,334,56,90,23,0,15,40
Jarren Duran,BOS,OF,27,102,332,46,98,34,2,8,40
Jake Rogers,DET,C,29,107,331,47,73,11,0,21,49
Mike Yastrzemski,SF,OF,33,106,330,54,77,23,1,15,43
Christian Vazquez,MIN,C,33,102,327,34,73,13,0,6,32
Brendan Donovan,STL,2B,27,95,327,48,93,10,1,11,34
Patrick Bailey,SF,C,25,97,326,29,76,18,1,7,48
Isiah Kiner-Falefa,NYY,OF,29,115,326,39,79,12,1,6,37
Adam Duvall,BOS,OF,35,92,320,45,79,24,2,21,58
Brian Anderson,MIL,3B,31,96,318,38,72,12,3,9,40
Jorge Mateo,BAL,SS,28,116,318,58,69,14,2,7,34
Aledmys Diaz,OAK,SS,33,109,315,25,72,20,1,4,24
Starling Marte,NYM,OF,35,86,315,38,78,7,1,5,28
Christian Bethancourt,TB,C,32,104,315,49,71,16,0,11,33
Gabriel Arias,CLE,SS,24,122,315,36,66,15,0,10,26
Alec Burleson,STL,OF,25,107,315,34,77,20,1,8,36
Akil Baddoo,DET,OF,25,112,312,40,68,13,1,11,34
Mickey Moniak,LAA,OF,26,85,311,35,87,21,2,14,45
Gavin Sheets,CWS,OF,28,118,311,24,63,10,0,10,43
Rowdy Tellez,MIL,1B,29,106,311,26,67,9,1,13,47
Manuel Margot,TB,OF,29,99,311,39,82,21,1,4,38
Blake Sabol,SF,C,26,110,310,36,73,10,0,13,44
Jake Meyers,HOU,OF,27,112,309,42,70,16,1,10,33
Mike Trout,LAA,OF,32,82,308,54,81,14,1,18,44
Nick Pratto,KC,1B,25,95,306,33,71,16,0,7,35
Garrett Cooper,MIA,1B,33,82,305,28,78,11,1,13,46
Byron Buxton,MIN,DH,30,85,304,49,63,17,1,17,42
Nick Allen,OAK,SS,25,106,303,29,67,4,2,4,20
Taylor Walls,TB,SS,27,99,303,50,61,12,2,8,36
Drew Waters,KC,OF,25,98,302,40,69,11,5,8,32
Jorge Polanco,MIN,2B,30,80,302,38,77,18,0,14,48
Jean Segura,MIA,3B,34,85,301,25,66,5,2,3,21
Nick Senzel,CIN,OF,28,104,301,49,71,10,0,13,42
Kris Bryant,COL,OF,32,80,300,36,70,10,0,10,31
Yuli Gurriel,MIA,1B,40,108,298,32,73,16,3,4,27
Corey Julks,HOU,OF,28,93,298,35,73,14,0,6,33
Oswaldo Cabrera,NYY,OF,25,115,298,35,63,11,0,5,29
Enrique Hernandez,BOS,SS,32,86,297,38,66,11,0,6,31
Joey Wendle,MIA,3B,34,112,297,33,63,16,3,2,20
Mitch Garver,TEX,C,33,87,296,45,80,11,0,19,50
Jake Burger,CWS,3B,28,88,294,44,63,15,1,25,52
Nick Fortes,MIA,C,27,108,294,33,60,10,0,6,26
Kyle Isbel,KC,OF,27,91,292,45,70,22,2,5,34
Owen Miller,MIL,2B,27,90,291,29,76,17,0,5,27
Cavan Biggio,TOR,2B,29,111,289,54,68,12,0,9,40
Zach Neto,LAA,SS,23,84,289,38,65,17,0,9,34
Harrison Bader,NYY,OF,30,84,288,40,69,11,2,7,37
Will Benson,CIN,OF,25,108,287,51,79,15,8,11,31
Ryan Jeffers,MIN,C,27,96,286,46,79,15,2,14,43
Elehuris Montero,COL,3B,25,85,284,40,69,15,2,11,39
Brandon Crawford,SF,SS,37,94,283,31,55,11,1,7,38
Joey Gallo,MIN,OF,30,111,282,39,50,9,1,21,40
Andruw Monasterio,MIL,2B,27,92,282,38,73,14,1,3,27
Alex Kirilloff,MIN,1B,26,88,281,35,76,14,1,11,41
Jace Peterson,OAK,3B,34,93,281,30,62,7,2,6,28
Paul DeJong,STL,SS,30,81,279,38,65,11,0,13,32
Edmundo Sosa,PHI,SS,28,104,279,34,70,15,2,10,30
Jake McCarthy,ARI,OF,26,99,276,37,67,7,5,2,16
Daniel Vogelbach,NYM,DH,31,104,275,33,64,8,0,13,48
Jordan Diaz,OAK,2B,23,90,272,20,60,9,0,10,27
Nick Madrigal,CHC,2B,27,92,270,34,71,16,1,2,28
Zack Gelof,OAK,2B,24,69,270,40,72,20,1,14,32
Danny Jansen,TOR,C,29,86,268,38,61,15,0,17,53
Patrick Wisdom,CHC,3B,32,97,268,43,55,8,1,23,46
Travis d'Arnaud,ATL,C,35,74,267,31,60,13,0,11,39
Eric Haase,DET,C,31,86,264,22,53,8,1,4,26
Ildemaro Vargas,WAS,3B,32,86,262,32,66,13,2,4,31
Matt Thaiss,LAA,C,29,95,262,32,56,6,0,9,31
Harold Castro,COL,2B,30,99,258,24,65,13,0,1,31
Mark Canha,NYM,OF,35,89,257,28,63,15,1,6,29
Emmanuel Rivera,ARI,3B,27,86,257,32,67,13,0,4,29
Miguel Vargas,LAD,2B,24,81,256,36,50,15,4,7,32
JJ Bleday,OAK,OF,26,82,256,35,50,11,0,10,27
Casey Schmitt,SF,SS,25,90,253,28,52,15,0,5,30
Nick Maton,DET,3B,27,93,249,29,43,9,0,8,32
Joshua Palacios,PIT,OF,28,91,247,26,59,9,2,10,40
Travis Jankowski,TEX,OF,32,107,247,34,65,12,1,1,30
Oscar Colas,CWS,OF,25,75,245,32,53,9,0,5,19
Jake Bauers,NYY,1B,28,84,242,28,49,15,0,12,30
Kyle Higashioka,NYY,C,34,92,242,24,57,13,0,10,34
Jacob Stallings,MIA,C,34,89,241,22,46,14,0,3,20
Randal Grichuk,COL,OF,32,64,240,40,74,19,1,8,27
Tyler O'Neill,STL,OF,28,72,238,27,55,14,0,9,21
Mike Moustakas,LAA,3B,35,65,237,22,56,8,0,8,31
Trey Mancini,CHC,1B,32,79,235,31,55,12,0,4,28
Gary Sanchez,SD,C,31,72,234,33,51,9,0,19,46
Stone Garrett,WAS,OF,28,89,234,40,63,17,0,9,40
Jose Caballero,SEA,2B,27,104,231,37,51,9,1,4,26
Tommy Pham,NYM,OF,36,79,231,29,62,15,1,10,36
Tyrone Taylor,MIL,OF,30,81,231,36,54,17,1,10,35
Vinnie Pasquantino,KC,1B,26,61,231,24,57,17,0,9,26
Santiago Espinal,TOR,2B,29,93,230,30,57,14,0,2,25
Luis Matos,SF,OF,22,76,228,24,57,13,1,2,14
Ramon Laureano,OAK,OF,29,64,225,24,48,10,3,6,21
Kevin Newman,CIN,SS,30,74,225,28,57,16,0,3,28
Henry Davis,PIT,OF,24,62,225,27,48,10,0,7,24
Andrew Knizner,STL,C,29,70,224,30,54,11,0,10,31
Christian Encarnacion-Strand,CIN,1B,24,63,222,29,60,7,0,13,37
Zack Short,DET,2B,29,112,221,17,45,9,0,7,33
Garrett Hampson,MIA,SS,29,98,221,30,61,12,1,3,23
Dylan Carlson,STL,OF,25,76,219,27,48,8,1,5,27
Stuart Fairchild,CIN,OF,28,97,219,34,50,16,2,5,28
Mike Ford,SEA,DH,31,84,219,32,50,6,0,16,34
Mark Vientos,NYM,DH,24,65,218,19,46,5,1,9,22
Royce Lewis,MIN,3B,25,58,217,36,67,7,0,15,52
Freddy Fermin,KC,C,29,70,217,26,61,10,1,9,32
Gio Urshela,LAA,3B,32,62,214,22,64,8,1,2,24
Matt Wallner,MIN,OF,26,76,213,42,53,11,1,14,41
Evan Longoria,ARI,3B,38,74,211,25,47,9,0,11,28
Mitch Haniger,SF,OF,33,61,211,27,44,13,1,6,28
C.J. Cron,COL,1B,34,56,208,31,54,12,0,11,32
Joey Votto,CIN,1B,40,65,208,26,42,6,0,14,38
Jordan Westburg,BAL,2B,25,68,208,26,54,17,2,3,23
James McCann,BAL,C,33,70,207,25,46,14,0,6,26
Alan Trejo,COL,SS,28,83,207,24,48,11,0,4,26
Carlos Santana,MIL,1B,38,52,205,33,51,8,1,11,33
Tucupita Marcano,PIT,OF,24,75,202,16,47,12,2,3,18
Rob Refsnyder,BOS,OF,33,89,202,31,50,9,1,1,28
Victor Caratini,MIL,C,30,62,201,23,52,4,0,7,25
Josh Bell,MIA,1B,31,53,200,26,54,9,0,11,26
Aaron Hicks,BAL,OF,34,65,200,35,55,7,1,7,31
Nick Ahmed,ARI,SS,34,72,198,14,42,10,1,2,17
Bo Naylor,CLE,C,24,67,198,33,47,13,0,11,32
Jake Burger,MIA,3B,28,53,198,27,60,13,0,9,28
Liover Peguero,PIT,SS,23,59,198,21,47,4,1,7,26
Rodolfo Castro,PIT,2B,25,78,197,19,45,7,0,6,22
Kevin Pillar,ATL,OF,35,81,197,29,45,10,0,9,32
Tommy Pham,ARI,OF,36,50,195,26,47,12,2,6,32
Christian Arroyo,BOS,2B,29,66,195,23,47,16,0,3,24
Josh Smith,TEX,SS,26,90,195,29,36,8,1,6,15
Randal Grichuk,LAA,OF,32,54,194,25,42,12,1,8,17
Kolten Wong,SEA,2B,33,67,194,21,32,6,0,2,19
Matt Duffy,KC,3B,33,79,191,17,48,8,0,2,16
Pavin Smith,ARI,OF,28,69,191,26,36,5,0,7,30
Sal Frelick,MIL,OF,24,57,191,29,47,9,1,3,24
Josh Rojas,ARI,3B,29,59,189,23,43,13,0,0,26
Matt Carpenter,SD,DH,38,76,188,18,33,12,0,5,31
Reese McGuire,BOS,C,29,72,187,15,50,12,1,1,16
Endy Rodriguez,PIT,C,24,57,186,27,41,7,2,3,13
Austin Slater,SF,OF,31,89,185,24,50,9,0,5,20
Jake Cave,PHI,OF,31,65,184,18,39,8,1,5,21
Trevor Larnach,MIN,OF,27,58,183,26,39,7,3,8,40
Logan O'Hoppe,LAA,C,24,51,182,23,43,6,0,14,29
Jared Triolo,PIT,3B,26,54,181,30,54,9,0,3,21
Luke Maile,CIN,C,33,78,179,17,42,10,0,6,25
Austin Barnes,LAD,C,34,59,178,15,32,5,0,2,11
Brendan Rodgers,COL,2B,27,46,178,21,46,9,1,4,20
Eduardo Escobar,LAA,3B,35,60,178,17,39,3,3,2,15
Mark Canha,MIL,OF,35,50,178,23,51,10,0,5,33
Oswald Peraza,NYY,3B,23,52,173,15,33,8,0,2,14
Oscar Gonzalez,CLE,OF,26,54,173,15,37,7,2,2,12
Carlos Perez,OAK,C,33,68,168,17,38,4,0,6,20
Enrique Hernandez,LAD,SS,32,54,168,19,44,12,0,5,30
Jason Delay,PIT,C,29,70,167,20,42,11,1,1,18
Pablo Reyes,BOS,SS,30,64,167,27,48,9,0,2,20
Jesse Winker,MIL,OF,30,61,166,16,33,5,0,1,23
Lenyn Sosa,CWS,2B,24,52,164,12,33,6,0,6,14
Luis Campusano,SD,C,25,49,163,27,52,7,0,7,30
Seby Zavala,CWS,C,30,66,161,15,25,3,0,7,16
Austin Hedges,PIT,C,31,65,161,13,29,5,0,1,14
DJ Stewart,NYM,OF,30,58,160,21,39,9,0,11,26
Nicky Lopez,KC,2B,29,68,160,19,34,5,3,0,13
Jake Alu,WAS,2B,27,51,159,14,36,2,1,2,16
Trevor Story,BOS,SS,31,43,158,12,32,9,0,3,14
Kole Calhoun,CLE,OF,36,43,157,18,34,7,0,6,25
Jose Trevino,NYY,C,31,55,157,15,33,4,0,4,15
Chad Wallach,LAA,C,32,65,157,18,31,5,1,7,15
Tyler Freeman,CLE,3B,25,64,153,20,37,7,0,4,18
Francisco Mejia,TB,C,28,50,150,22,34,11,0,5,19
Johan Rojas,PHI,OF,23,59,149,24,45,9,2,2,23
Anthony Rendon,LAA,3B,34,43,148,23,35,6,0,2,22
Zach Remillard,CWS,2B,30,54,147,16,37,7,0,1,18
Tom Murphy,SEA,C,33,47,145,19,42,12,0,8,17
Dylan Moore,SEA,OF,31,67,145,18,30,9,1,7,19
Corey Dickerson,WAS,OF,35,50,144,12,36,7,1,2,17
Cam Gallagher,CLE,C,31,56,143,6,18,6,0,0,7
Blake Perkins,MIL,OF,27,67,143,28,31,7,0,4,20
Riley Adams,WAS,C,27,44,143,8,39,13,2,4,21
Nelson Cruz,SD,DH,43,49,143,9,35,5,1,5,23
Jose Miranda,MIN,3B,25,40,142,12,30,4,0,3,13
Michael Toglia,COL,OF,25,45,141,18,23,5,0,4,9
Kody Clemens,PHI,3B,28,49,139,15,32,7,0,4,13
Enmanuel Valdez,BOS,2B,25,49,139,17,37,8,0,6,19
Rougned Odor,SD,2B,30,59,138,21,28,9,0,4,18
Jeimer Candelario,CHC,3B,30,41,137,20,32,9,1,6,17
Jonathan Schoop,DET,2B,32,55,136,15,29,8,0,0,7
Ramon Laureano,CLE,OF,29,41,136,22,33,8,1,3,14
Kevin Smith,OAK,SS,27,49,135,15,25,4,0,5,11
Dominic Canzone,SEA,OF,26,44,135,19,29,11,0,5,13
Willie Calhoun,NYY,OF,29,44,134,16,32,7,0,5,16
Jose Barrero,CIN,OF,26,46,133,15,29,8,0,2,17
Nelson Velazquez,KC,OF,25,40,133,27,31,4,0,14,28
Miles Mastrobuoni,CHC,3B,28,61,133,24,32,5,0,1,5
Miguel Amaya,CHC,C,25,53,131,17,28,4,0,5,18
Austin Nola,SD,C,34,52,130,9,19,3,0,1,8
Omar Narvaez,NYM,C,32,49,128,12,27,5,0,2,7
Billy McKinney,NYY,OF,29,48,128,19,29,3,1,6,14
Wil Myers,CIN,OF,33,37,127,11,24,3,0,3,12
AJ Pollock,SEA,OF,36,49,127,15,22,4,0,5,15
Amed Rosario,LAD,SS,28,48,125,19,32,6,2,3,18
Parker Meadows,DET,OF,24,37,125,19,29,4,2,3,13
Josh Rojas,SEA,3B,29,46,125,24,34,4,0,4,14
Tyler Soderstrom,OAK,DH,22,45,125,9,20,1,0,3,7
David Villar,SF,2B,27,46,124,15,18,6,0,5,12
Dairon Blanco,KC,OF,31,69,124,19,32,7,4,3,18
Mike Zunino,CLE,C,33,42,124,11,22,7,0,3,11
Lawrence Butler,OAK,OF,23,42,123,10,26,4,0,4,10
Masyn Winn,STL,SS,22,37,122,8,21,2,0,2,12
Ryan McKenna,BAL,OF,27,89,122,23,31,7,0,2,18
Matthew Batten,SD,3B,28,43,120,19,31,6,0,2,11
Brett Wisely,SF,2B,25,51,120,10,21,5,0,2,8
Austin Wynns,COL,C,33,45,117,11,25,5,0,1,8
Garrett Cooper,SD,1B,33,41,117,14,28,7,0,4,15
Davis Schneider,TOR,2B,25,35,116,23,32,12,1,8,20
Nick Gonzales,PIT,2B,25,35,115,12,24,8,1,2,13
Mike Moustakas,COL,3B,35,47,115,21,31,7,0,4,17
Rafael Ortega,NYM,OF,33,47,114,16,25,3,0,1,8
Noelvi Marte,CIN,3B,22,35,114,15,36,7,0,3,15
Garrett Stubbs,PHI,C,31,41,113,15,23,4,1,1,12
Eduardo Escobar,NYM,3B,35,40,110,15,26,3,2,4,16
Tucker Barnhart,CHC,C,33,47,109,6,22,3,0,1,9
Nolan Schanuel,LAA,1B,22,29,109,19,30,3,0,1,6
Avisail Garcia,MIA,OF,32,37,108,8,20,3,1,3,12
Victor Robles,WAS,OF,27,36,107,15,32,5,1,0,8
Luis Guillorme,NYM,2B,29,54,107,12,24,6,1,1,9
Jacob Young,WAS,OF,24,33,107,9,27,7,1,0,12
Josh Donaldson,NYY,3B,38,34,106,13,15,1,0,10,15
Yu Chang,BOS,3B,28,39,105,12,17,2,0,6,18
Jackie Bradley,KC,OF,34,43,105,10,14,5,0,1,6
Jesus Aguilar,OAK,1B,33,36,104,8,23,2,0,5,9
Jared Walsh,LAA,1B,30,39,104,10,13,4,0,4,11
Josh Harrison,PHI,2B,36,41,103,8,21,3,0,2,10
Rene Pinto,TB,C,27,39,103,10,26,3,0,6,16
David Fry,CLE,C,28,58,101,12,24,6,0,4,15
Alika Williams,PIT,SS,25,46,101,7,20,5,0,0,6
Ronny Mauricio,NYM,2B,23,26,101,11,25,4,0,2,9
Jose Herrera,ARI,C,27,43,101,15,21,5,0,0,7
Tyler Nevin,DET,3B,27,41,95,11,19,3,1,2,10
Eric Hosmer,CHC,1B,34,31,94,7,22,3,0,2,14
Alfonso Rivas,PIT,1B,27,40,94,6,22,8,1,3,14
Richie Palacios,STL,OF,27,32,93,9,24,6,0,6,16
Romy Gonzalez,CWS,2B,27,44,93,11,18,4,2,3,14
Everson Pereira,NYY,OF,23,27,93,6,14,4,0,0,10
Jace Peterson,ARI,3B,34,41,93,5,17,3,2,0,9
Dominic Fletcher,ARI,OF,26,28,93,10,28,5,1,2,14
Nick Gordon,MIN,OF,28,34,91,13,16,5,1,2,7
Michael Chavis,WAS,2B,28,48,91,16,22,3,0,2,5
Sam Haggerty,SEA,OF,30,52,91,13,23,3,1,1,5
Jose Azocar,SD,OF,28,55,91,16,21,6,0,2,9
Jonathan Davis,MIA,OF,32,34,90,22,22,4,1,2,10
Matt Mervis,CHC,1B,26,27,90,8,15,2,0,3,11
Luis Urias,BOS,2B,27,32,89,13,20,4,0,2,13
David Fletcher,LAA,2B,30,33,89,7,22,1,0,2,12
Jonah Bride,OAK,3B,28,40,88,9,15,3,0,0,7
Cade Marlowe,SEA,OF,26,34,88,14,21,3,2,3,11
Jonathan Aranda,TB,DH,26,34,87,13,20,4,1,2,13
Carter Kieboom,WAS,3B,26,27,87,12,18,2,0,4,11
Osleivis Basabe,TB,SS,23,31,87,15,19,5,0,1,12
Joey Bart,SF,C,27,30,87,9,18,5,0,0,5
Raimel Tapia,BOS,OF,30,39,87,14,23,4,1,1,10
Luken Baker,STL,DH,27,33,86,9,18,3,0,2,10
Cristian Pache,PHI,OF,25,48,84,12,20,7,1,2,11
Miguel Andujar,PIT,OF,29,30,84,9,21,7,0,4,18
Carson Kelly,ARI,C,29,33,84,6,19,3,0,1,6
David Hensley,HOU,DH,28,30,84,12,10,1,0,1,3
Curtis Mead,TB,3B,23,24,83,12,21,3,1,1,5
Ceddanne Rafaela,BOS,OF,23,28,83,11,20,6,0,2,5
Trayce Thompson,CWS,OF,33,36,82,5,14,2,0,1,3
Hunter Dozier,KC,3B,32,29,82,8,15,2,1,2,9
Hanser Alberto,CWS,2B,31,30,82,11,18,5,0,3,16
Andrew Velazquez,LAA,SS,29,54,81,12,14,3,0,2,3
Brayan Rocchio,CLE,SS,23,23,81,9,20,6,0,0,8
Brett Sullivan,SD,C,30,33,81,7,17,3,0,1,6
Curt Casali,CIN,C,35,40,80,8,14,2,0,0,6
Brandon Dixon,SD,3B,32,33,79,10,16,4,0,2,9
Xavier Edwards,MIA,2B,24,30,78,12,23,3,0,0,3
Vidal Brujan,TB,2B,26,37,76,14,13,2,0,0,6
Taylor Motter,STL,SS,34,29,76,3,13,3,0,0,2
Wilyer Abreu,BOS,OF,24,28,76,10,24,6,0,2,14
Vaughn Grissom,ATL,SS,23,23,75,5,21,3,1,0,9
Yonathan Daza,COL,OF,30,24,74,8,20,6,0,0,7
Henry Ramos,CIN,OF,32,23,74,9,18,3,1,0,5
Ji-Man Choi,PIT,1B,33,23,73,9,15,4,0,6,11
Mike Brosseau,MIL,3B,30,29,73,4,15,2,0,4,8
Conner Capel,OAK,OF,27,32,73,6,19,5,0,0,3
Sam Hilliard,ATL,OF,30,40,72,15,17,5,0,3,6
Michael Busch,LAD,3B,26,27,72,9,12,3,0,2,7
Nick Martini,CIN,OF,33,29,72,10,19,3,1,6,16
Trayce Thompson,LAD,OF,33,36,71,12,11,0,0,5,14
Austin Wells,NYY,C,24,19,70,8,16,6,0,4,13
Hunter Goodman,COL,OF,24,23,70,6,14,4,3,1,17
Jake Marisnick,DET,OF,33,33,69,9,16,3,2,2,10
Aaron Hicks,NYY,OF,34,28,69,9,13,2,0,1,5
Franchy Cordero,NYY,OF,29,24,69,9,13,2,0,6,13
Luke Voit,MIL,1B,33,22,68,5,15,3,0,0,4
Ben Rortvedt,NYY,C,26,32,68,6,8,1,0,2,4
Dane Myers,MIA,OF,28,22,67,9,18,3,0,1,9
Clint Frazier,CWS,OF,29,33,66,10,13,1,1,0,3
Nicky Lopez,ATL,2B,29,26,65,13,18,3,0,1,12
Garrett Mitchell,MIL,OF,25,19,65,10,16,2,1,3,7
Danny Mendick,NYM,SS,30,35,65,4,12,3,0,1,4
Korey Lee,CWS,C,25,24,65,4,5,1,0,1,3
Brett Phillips,LAA,OF,30,40,63,9,11,1,0,3,6
Jordan Luplow,MIN,OF,30,32,63,10,13,3,0,2,4
Jon Singleton,HOU,1B,32,25,62,8,12,2,0,2,10
Jason Vosler,CIN,3B,30,20,62,6,10,2,1,3,10
Nick Loftin,KC,1B,25,19,62,10,20,5,1,0,10
Evan Carter,TEX,OF,21,23,62,15,19,4,1,5,12
Michael Stefanic,LAA,2B,28,25,62,5,18,2,1,0,6
Colton Cowser,BAL,OF,24,26,61,15,7,2,0,0,4
Estevan Florial,NYY,OF,26,19,61,5,14,3,1,0,8
Juan Yepez,STL,OF,26,28,60,5,11,1,0,2,2
Samad Taylor,KC,2B,25,31,60,11,12,2,1,0,4
Jonathan Arauz,NYM,2B,25,27,59,3,8,0,0,3,9
Franmil Reyes,KC,DH,28,19,59,5,11,0,0,2,7
Josh Donaldson,MIL,3B,38,17,59,5,10,4,0,3,11
Jo Adell,LAA,OF,25,17,58,7,12,3,1,3,6
Tomas Nido,NYM,C,30,22,56,5,7,0,0,0,1
Heliot Ramos,SF,OF,24,25,56,5,10,4,0,1,2
Tim Locastro,NYM,OF,31,43,56,13,13,3,0,2,3
Matt Beaty,KC,1B,31,26,56,7,13,4,0,0,3
Brad Miller,TEX,OF,34,27,56,8,12,4,0,1,6
Wade Meckler,SF,OF,24,20,56,6,13,1,0,0,4
Luis Urias,MIL,2B,27,20,55,5,8,2,0,1,5
Darick Hall,PHI,DH,28,18,54,2,9,1,0,1,3
Michael Brantley,HOU,OF,37,15,54,7,15,2,0,2,7
Nate Eaton,KC,OF,27,28,53,2,4,0,0,0,1
Bubba Thompson,TEX,OF,26,37,53,10,9,4,1,0,4
Trey Cabbage,LAA,OF,27,22,53,5,11,3,0,1,7
Mark Mathias,PIT,DH,29,22,52,5,12,2,0,0,4
Raimel Tapia,MIL,OF,30,20,52,10,9,0,0,2,3
Carson Kelly,DET,C,29,19,52,7,9,2,0,1,7
Jake Lamb,LAA,OF,33,19,51,7,11,1,0,2,5
Jose Fermin,STL,2B,25,21,51,2,12,1,0,0,4
Tyler Wade,OAK,3B,29,26,51,8,13,1,1,0,2
Kyle Lewis,ARI,DH,28,16,51,2,8,2,0,1,2
Ernie Clement,TOR,SS,28,30,50,7,19,1,1,1,10
C.J. Cron,LAA,1B,34,15,50,7,10,0,0,1,5
Paul DeJong,SF,SS,30,18,49,2,9,2,0,1,5
Bobby Dalbec,BOS,1B,28,21,49,6,10,2,0,1,1
Terrin Vavra,BAL,2B,27,27,49,9,12,0,0,0,5
Carlos Perez,CWS,C,27,27,49,5,10,4,0,1,3
Derek Hill,WAS,OF,28,13,47,3,8,1,0,0,1
Taylor Trammell,SEA,OF,26,22,46,7,6,0,0,3,11
Paul DeJong,TOR,SS,30,13,44,1,3,0,0,0,1
Jurickson Profar,SD,OF,31,14,44,4,13,2,0,1,7
Bryce Johnson,SF,OF,28,30,43,7,7,1,0,1,3
Jared Young,CHC,1B,28,16,43,8,8,0,3,2,8
Sam Huff,TEX,C,26,21,43,5,11,2,0,3,6
Cody Thomas,OAK,OF,29,19,42,1,10,3,0,1,2
Jonny DeLuca,LAD,OF,25,24,42,5,11,1,0,2,6
TJ Hopkins,CIN,OF,27,25,41,7,7,0,0,0,1
Sandy Leon,TEX,C,35,22,41,4,6,2,0,0,4
J.P. Martinez,TEX,OF,28,17,40,7,9,1,0,1,4
Kyren Paris,LAA,SS,22,15,40,4,4,0,0,0,1
Grae Kessinger,HOU,SS,26,26,40,3,8,2,0,1,1
Spencer Horwitz,TOR,1B,26,15,39,5,10,2,0,1,7
Jordyn Adams,LAA,OF,24,17,39,1,5,0,0,0,1
Marco Luciano,SF,SS,22,14,39,4,9,3,0,0,0
Hunter Renfroe,CIN,OF,32,14,39,4,5,0,0,1,4
Sean Bouchard,COL,OF,28,21,38,11,12,2,0,4,7
Coco Montes,COL,2B,27,18,38,3,7,2,0,1,3
Dominic Canzone,ARI,OF,26,15,38,4,9,2,0,1,8
Ivan Herrera,STL,C,24,13,37,6,11,2,0,0,4
Andrew Stevenson,MIN,OF,30,25,37,4,7,1,0,0,1
Eguy Rosario,SD,3B,24,11,36,6,9,1,1,2,6
Adam Haseley,CWS,OF,28,28,36,6,8,2,0,0,2
Blake Rutherford,WAS,OF,27,16,35,4,6,0,0,0,2
Andre Lipcius,DET,3B,26,13,35,3,10,1,0,1,4
Junior Caminero,TB,3B,20,7,34,4,8,1,0,1,7
Joey Ortiz,BAL,2B,25,15,33,4,7,1,0,0,4
Peyton Burdick,MIA,OF,27,14,33,4,6,2,0,1,2
David Hamilton,BOS,SS,26,15,33,2,4,2,0,0,0
Tyler Fitzgerald,SF,OF,26,10,32,3,7,2,0,2,5
Oneil Cruz,PIT,SS,25,9,32,7,8,1,0,1,4
Canaan Smith-Njigba,PIT,OF,25,15,32,3,4,1,1,0,5
Harrison Bader,CIN,OF,30,14,31,4,5,1,0,0,3
Travis Blankenhorn,WAS,3B,27,10,31,2,5,0,0,1,1
Oscar Mercado,STL,OF,29,20,31,3,9,3,0,0,5
Jorge Alfaro,COL,C,31,10,31,2,5,4,0,1,4
Ji-Man Choi,SD,1B,33,16,31,3,2,1,0,0,2
Jasson Dominguez,NYY,OF,21,8,31,6,8,1,0,4,7
Jose Tena,CLE,SS,23,18,31,2,7,2,0,0,3
Jordan Lawlar,ARI,SS,21,14,31,2,4,0,0,0,0
Logan Porter,KC,C,28,11,31,4,6,1,0,1,3
Heston Kjerstad,BAL,DH,25,13,30,3,7,1,0,2,3
Kolten Wong,LAD,2B,33,20,30,4,9,0,0,2,8
Kyle Stowers,BAL,OF,26,14,30,1,2,0,0,0,0
Rodolfo Castro,PHI,2B,25,14,30,2,3,0,0,0,2
Nelson Velazquez,CHC,OF,25,13,29,8,7,2,0,3,6
Jon Singleton,MIL,1B,32,11,29,3,3,1,0,0,2
Tyler Heineman,TOR,C,32,19,29,4,8,1,1,0,3
Kyle Garlick,MIN,OF,32,14,28,2,5,1,0,2,4
Edwin Rios,CHC,1B,30,18,28,3,2,1,0,1,2
Drew Millas,WAS,C,26,11,28,1,8,2,0,1,6
Nathan Lukes,TOR,OF,29,29,26,4,5,1,1,0,2
Bligh Madris,HOU,OF,28,12,26,4,4,1,0,0,0
Darin Ruf,MIL,DH,37,11,26,2,5,1,0,0,0
Chris Owings,PIT,2B,32,11,25,0,4,0,0,0,0
Austin Hedges,TEX,C,31,17,24,1,5,0,0,0,2
Dalton Guthrie,PHI,OF,28,23,24,4,4,1,0,0,0
Buddy Kennedy,ARI,3B,25,10,24,1,4,1,0,0,1
Drew Ellis,PHI,3B,28,12,23,4,5,0,0,2,4
Greg Allen,NYY,OF,31,22,23,6,5,1,1,1,1
Brian Serven,COL,C,29,11,23,0,3,1,0,0,1
Darin Ruf,SF,DH,37,9,23,1,6,2,0,0,3
Cooper Hummel,SEA,DH,29,10,23,2,2,1,0,0,0
Josh Lester,BAL,1B,29,11,22,0,4,0,0,0,4
Yonny Hernandez,LAD,3B,26,14,22,5,3,1,0,0,4
Tommy La Stella,SEA,DH,35,12,21,2,4,1,0,0,2
Austin Meadows,DET,OF,29,6,21,0,5,1,0,0,2
Luis Torrens,CHC,C,28,13,20,1,5,1,0,0,3
Juniel Querecuto,STL,2B,31,9,20,2,2,1,0,0,0
Brian O'Keefe,SEA,C,30,8,19,0,2,2,0,0,2
Isan Diaz,SF,2B,28,6,19,0,1,0,0,0,1
Johan Camargo,SF,2B,30,8,18,0,4,0,0,0,2
Abraham Toro,MIL,3B,27,9,18,4,8,0,0,2,9
Ryan Kreidler,DET,SS,26,11,18,2,2,0,0,0,0
Vinny Capra,PIT,3B,27,9,18,3,3,1,0,0,1
Cesar Salazar,HOU,C,28,13,18,1,2,0,0,0,0
Alexander Canario,CHC,DH,24,6,17,1,5,1,1,1,6
Jorge Alfaro,BOS,C,31,8,17,0,2,0,0,0,0
Weston Wilson,PHI,OF,29,8,16,5,5,0,0,1,2
Chadwick Tromp,ATL,C,29,6,16,1,2,1,0,0,1
Alfonso Rivas,SD,1B,27,8,15,2,3,2,0,0,1
Abraham Almonte,NYM,OF,34,8,15,1,1,1,0,0,0
Ben Gamel,SD,OF,32,6,15,2,3,1,0,0,2
Roberto Perez,SF,C,35,5,15,0,2,0,0,0,1
Jordan Luplow,TOR,OF,30,7,14,1,3,0,0,0,1
Eli White,ATL,OF,29,6,14,1,1,0,0,0,0
Seby Zavala,ARI,C,30,7,14,2,5,1,0,0,2
Pete Crow-Armstrong,CHC,OF,22,13,14,3,0,0,0,0,1
Taylor Kohlwey,SD,OF,29,5,13,0,2,0,0,0,0
Forrest Wall,ATL,OF,28,15,13,6,6,2,0,1,2
Manny Pina,OAK,C,37,4,12,1,3,0,0,1,1
Austin Wynns,LAD,C,33,5,11,0,2,1,0,0,2
Anthony Bemboom,BAL,C,34,6,11,0,2,0,0,0,0
Irving Lopez,STL,2B,28,5,11,0,0,0,0,0,1
Eric Haase,CLE,C,31,3,10,0,2,0,0,0,0
Ehire Adrianza,ATL,OF,34,5,10,0,0,0,0,0,0
Jahmai Jones,MIL,DH,26,7,10,2,2,1,0,0,3
Luke Williams,LAD,SS,27,4,10,0,1,0,0,0,0
Mark Mathias,SF,DH,29,5,10,1,2,0,0,0,2
Luke Williams,ATL,SS,27,7,9,1,0,0,0,0,0
Tyler Heineman,PIT,C,32,3,9,1,1,0,0,0,0
Raimel Tapia,TB,OF,30,5,9,4,3,0,0,0,0
David Dahl,SD,OF,30,4,9,1,1,0,0,1,1
Cal Stevenson,SF,OF,27,6,9,1,0,0,0,0,0
Jacob Amaya,MIA,SS,25,4,9,1,2,0,0,0,2
Livan Soto,LAA,SS,23,4,9,2,2,0,0,0,0
Tyler Naquin,CWS,OF,33,5,8,0,0,0,0,0,0
Luis Torrens,SEA,C,28,5,8,0,2,2,0,0,1
Michael Perez,NYM,C,31,3,8,1,4,1,0,0,0
Cole Tucker,COL,OF,27,5,8,2,4,0,0,0,2
Kevin Padlo,LAA,3B,27,3,8,1,1,1,0,0,0
Jonathan Ornelas,TEX,SS,24,8,7,2,1,0,0,0,0
Rylan Bannon,HOU,3B,28,2,6,0,0,0,0,0,0
Drew Maggi,PIT,3B,35,3,6,1,2,1,0,0,1
Adam Engel,SD,OF,32,5,6,0,0,0,0,0,0
AJ Pollock,SF,OF,36,5,6,0,0,0,0,0,0
Gary Sanchez,NYM,C,31,3,6,0,1,0,0,0,1
Tyler Cropley,KC,C,28,2,6,0,1,0,0,0,1
Cam Eden,TOR,OF,26,5,6,1,1,0,0,0,0
Caleb Hamilton,BOS,C,29,4,5,0,0,0,0,0,0
Jake Marisnick,LAD,OF,33,4,5,0,2,0,0,0,0
Matt Reynolds,CIN,3B,33,2,5,1,1,0,0,0,0
Isan Diaz,DET,2B,28,2,5,0,0,0,0,0,0
Tristan Gray,TB,1B,28,2,5,1,2,0,0,1,1
Mike Siani,STL,OF,24,5,5,0,0,0,0,0,0
Matt Beaty,SF,1B,31,4,5,1,1,0,0,0,1
Jeter Downs,WAS,SS,25,6,5,4,2,0,0,0,1
Cal Mitchell,PIT,OF,25,2,4,0,0,0,0,0,0
Connor Kaiser,COL,SS,27,3,4,0,0,0,0,0,0
Braden Shewmake,ATL,SS,26,2,4,0,0,0,0,0,0
Zack Collins,CLE,C,29,2,4,0,2,0,0,0,0
Meibrys Viloria,CLE,C,27,10,3,0,0,0,0,0,0
Austin Wynns,SF,C,33,1,2,0,0,0,0,0,0
Tres Barrera,STL,C,29,6,2,0,0,0,0,0,0
Chris Okey,LAA,C,29,2,2,0,0,0,0,0,0
Jake Marisnick,CWS,OF,33,9,2,1,0,0,0,0,0
Billy Hamilton,CWS,OF,33,3,2,2,0,0,0,0,0
Alejo Lopez,CIN,2B,28,1,2,1,1,1,0,0,1
Chandler Seagle,SD,C,28,1,1,0,0,0,0,0,0
Diego Castillo,ARI,OF,26,1,1,0,0,0,0,0,0
Mason McCoy,TOR,SS,29,6,1,2,0,0,0,0,0
Mike Siani,CIN,OF,24,3,0,1,0,0,0,0,0